<application>
  <component name="FileTypeManager" version="17">
    <extensionMap>
      <mapping ext="wxss" type="CSS" />
      <mapping ext="wxml" type="HTML" />
      <mapping ext="wxs" type="JavaScript" />
      <mapping pattern="Container,jsx" type="PLAIN_TEXT" />
      <mapping pattern="com" type="PLAIN_TEXT" />
      <mapping ext="text" type="PLAIN_TEXT" />
      <removed_mapping ext="cmd" approved="true" type="PLAIN_TEXT" />
      <removed_mapping ext="bat" approved="true" type="PLAIN_TEXT" />
      <removed_mapping ext="log" approved="true" type="PLAIN_TEXT" />
      <removed_mapping ext="bat" approved="true" type="PLAIN_TEXT" />
      <removed_mapping ext="log" approved="true" type="PLAIN_TEXT" />
      <removed_mapping ext="dockerfile" approved="true" type="textmate" />
      <removed_mapping ext="makefile" approved="true" type="textmate" />
      <removed_mapping ext="js" approved="true" type="PLAIN_TEXT" />
      <removed_mapping ext="cmd" approved="true" type="PLAIN_TEXT" />
      <removed_mapping ext="snakefile" approved="true" type="textmate" />
      <removed_mapping pattern="login.js" approved="true" type="PLAIN_TEXT" />
    </extensionMap>
  </component>
</application>